기간,animal,자치구,계,인도(주인),입양분양,폐사안락사,계류기증
2009,개,강남구,314,69,58,184,3
2009,고양이,강남구,251,4,13,215,19
2009,기타 동물,강남구,13,0,7,4,2
2009,개,강동구,754,189,404,106,55
2009,고양이,강동구,268,4,149,94,21
2009,기타 동물,강동구,24,0,19,2,3
2009,개,강북구,430,60,53,317,0
2009,고양이,강북구,146,1,4,141,0
2009,기타 동물,강북구,4,0,1,3,0
2009,개,강서구,577,79,73,415,10
2009,고양이,강서구,222,2,4,210,6
2009,기타 동물,강서구,19,0,4,14,1
2009,개,관악구,785,101,421,211,52
2009,고양이,관악구,424,6,216,196,6
2009,기타 동물,관악구,0,0,0,0,0
2009,개,광진구,357,46,57,251,3
2009,고양이,광진구,375,2,193,121,59
2009,기타 동물,광진구,9,0,2,7,0
2009,개,구로구,518,85,196,182,55
2009,고양이,구로구,367,5,136,206,20
2009,기타 동물,구로구,23,0,11,11,1
2009,개,금천구,242,38,25,172,7
2009,고양이,금천구,106,3,4,93,6
2009,기타 동물,금천구,12,1,6,3,2
2009,개,노원구,362,45,37,280,0
2009,고양이,노원구,156,1,7,148,0
2009,기타 동물,노원구,6,0,1,5,0
2009,개,도봉구,284,35,35,208,6
2009,고양이,도봉구,128,4,31,93,0
2009,기타 동물,도봉구,9,0,5,4,0
2009,개,동대문구,321,44,47,228,2
2009,고양이,동대문구,82,3,66,13,0
2009,기타 동물,동대문구,10,1,2,7,0
2009,개,동작구,577,77,99,343,58
2009,고양이,동작구,281,2,88,169,22
2009,기타 동물,동작구,8,0,3,5,0
2009,개,마포구,513,76,384,53,0
2009,고양이,마포구,291,2,188,101,0
2009,기타 동물,마포구,4,0,4,0,0
2009,개,서대문구,478,84,290,104,0
2009,고양이,서대문구,319,1,162,156,0
2009,기타 동물,서대문구,8,0,7,1,0
2009,개,서초구,196,27,26,143,0
2009,고양이,서초구,225,2,12,210,1
2009,기타 동물,서초구,12,0,4,8,0
2009,개,성동구,265,46,26,193,0
2009,고양이,성동구,122,1,5,116,0
2009,기타 동물,성동구,8,0,0,8,0
2009,개,성북구,406,46,26,334,0
2009,고양이,성북구,144,1,3,138,2
2009,기타 동물,성북구,13,0,3,10,0
2009,개,송파구,519,95,328,96,0
2009,고양이,송파구,407,5,269,133,0
2009,기타 동물,송파구,4,0,3,1,0
2009,개,양천구,578,82,230,254,12
2009,고양이,양천구,64,3,22,39,0
2009,기타 동물,양천구,0,0,0,0,0
2009,개,영등포구,288,37,19,229,3
2009,고양이,영등포구,183,0,9,157,17
2009,기타 동물,영등포구,27,0,2,25,0
2009,개,용산구,541,62,298,181,0
2009,고양이,용산구,412,0,261,138,13
2009,기타 동물,용산구,41,1,2,31,7
2009,개,은평구,924,179,492,240,13
2009,고양이,은평구,273,5,142,103,23
2009,기타 동물,은평구,16,1,7,8,0
2009,개,종로구,227,69,119,30,9
2009,고양이,종로구,182,7,106,68,1
2009,기타 동물,종로구,0,0,0,0,0
2009,개,중구,115,11,17,87,0
2009,고양이,중구,146,3,100,43,0
2009,기타 동물,중구,7,1,3,3,0
2009,개,중랑구,376,51,19,306,0
2009,고양이,중랑구,107,0,55,52,0
2009,기타 동물,중랑구,6,0,0,6,0
2010,개,강남구,346,82,82,176,6
2010,고양이,강남구,328,0,133,193,2
2010,기타 동물,강남구,29,2,7,20,0
2010,개,강동구,725,199,395,131,0
2010,고양이,강동구,300,3,135,135,27
2010,기타 동물,강동구,24,1,10,13,0
2010,개,강북구,470,38,139,293,0
2010,고양이,강북구,248,1,70,177,0
2010,기타 동물,강북구,16,0,9,7,0
2010,개,강서구,499,89,78,324,8
2010,고양이,강서구,265,5,2,253,5
2010,기타 동물,강서구,33,0,1,32,0
2010,개,관악구,617,121,313,178,5
2010,고양이,관악구,397,6,103,288,0
2010,기타 동물,관악구,0,0,0,0,0
2010,개,광진구,386,59,94,228,5
2010,고양이,광진구,319,2,198,119,0
2010,기타 동물,광진구,13,1,6,6,0
2010,개,구로구,520,92,149,241,38
2010,고양이,구로구,316,1,159,126,30
2010,기타 동물,구로구,2,0,1,1,0
2010,개,금천구,268,42,61,165,0
2010,고양이,금천구,176,0,2,172,2
2010,기타 동물,금천구,12,0,0,12,0
2010,개,노원구,354,65,78,211,0
2010,고양이,노원구,163,0,1,162,0
2010,기타 동물,노원구,16,1,4,11,0
2010,개,도봉구,353,64,65,220,4
2010,고양이,도봉구,179,0,8,162,9
2010,기타 동물,도봉구,20,0,3,17,0
2010,개,동대문구,350,46,69,140,95
2010,고양이,동대문구,60,1,41,4,14
2010,기타 동물,동대문구,12,1,1,10,0
2010,개,동작구,526,81,103,319,23
2010,고양이,동작구,201,3,92,86,20
2010,기타 동물,동작구,19,0,12,7,0
2010,개,마포구,464,90,102,61,211
2010,고양이,마포구,573,6,89,166,312
2010,기타 동물,마포구,24,0,3,2,19
2010,개,서대문구,446,83,233,130,0
2010,고양이,서대문구,506,4,208,294,0
2010,기타 동물,서대문구,12,0,9,3,0
2010,개,서초구,213,48,39,126,0
2010,고양이,서초구,265,3,3,259,0
2010,기타 동물,서초구,17,0,2,15,0
2010,개,성동구,247,38,45,144,20
2010,고양이,성동구,225,1,4,212,8
2010,기타 동물,성동구,18,0,1,17,0
2010,개,성북구,439,54,42,321,22
2010,고양이,성북구,324,1,1,321,1
2010,기타 동물,성북구,16,0,2,14,0
2010,개,송파구,549,65,164,320,0
2010,고양이,송파구,442,2,120,266,54
2010,기타 동물,송파구,3,0,2,1,0
2010,개,양천구,639,153,243,228,15
2010,고양이,양천구,107,4,32,70,1
2010,기타 동물,양천구,5,0,3,2,0
2010,개,영등포구,281,59,60,162,0
2010,고양이,영등포구,239,2,1,236,0
2010,기타 동물,영등포구,19,0,4,15,0
2010,개,용산구,461,80,193,188,0
2010,고양이,용산구,530,0,247,283,0
2010,기타 동물,용산구,57,0,10,47,0
2010,개,은평구,968,210,396,199,163
2010,고양이,은평구,347,11,162,94,80
2010,기타 동물,은평구,16,0,9,7,0
2010,개,종로구,287,79,75,21,112
2010,고양이,종로구,208,1,71,59,77
2010,기타 동물,종로구,0,0,0,0,0
2010,개,중구,160,24,29,104,3
2010,고양이,중구,164,5,97,62,0
2010,기타 동물,중구,5,0,1,4,0
2010,개,중랑구,552,45,213,293,1
2010,고양이,중랑구,210,3,86,119,2
2010,기타 동물,중랑구,24,0,22,2,0
2011,개,강남구,222,52,33,137,0
2011,고양이,강남구,357,6,8,343,0
2011,기타 동물,강남구,23,0,4,19,0
2011,개,강동구,638,222,340,76,0
2011,고양이,강동구,399,3,183,213,0
2011,기타 동물,강동구,21,0,11,10,0
2011,개,강북구,317,48,28,241,0
2011,고양이,강북구,248,2,6,240,0
2011,기타 동물,강북구,13,0,2,11,0
2011,개,강서구,397,59,37,301,0
2011,고양이,강서구,277,11,2,264,0
2011,기타 동물,강서구,26,0,5,21,0
2011,개,관악구,550,138,347,65,0
2011,고양이,관악구,166,2,114,50,0
2011,기타 동물,관악구,2,0,0,2,0
2011,개,광진구,312,65,48,199,0
2011,고양이,광진구,369,3,197,169,0
2011,기타 동물,광진구,17,0,4,13,0
2011,개,구로구,292,38,36,218,0
2011,고양이,구로구,164,0,4,160,0
2011,기타 동물,구로구,15,0,1,14,0
2011,개,금천구,212,26,9,177,0
2011,고양이,금천구,191,0,3,188,0
2011,기타 동물,금천구,10,0,0,10,0
2011,개,노원구,308,77,47,184,0
2011,고양이,노원구,126,1,1,124,0
2011,기타 동물,노원구,11,1,1,9,0
2011,개,도봉구,289,46,43,200,0
2011,고양이,도봉구,157,0,2,155,0
2011,기타 동물,도봉구,20,0,1,19,0
2011,개,동대문구,419,60,126,233,0
2011,고양이,동대문구,266,3,8,255,0
2011,기타 동물,동대문구,38,0,17,21,0
2011,개,동작구,324,57,32,235,0
2011,고양이,동작구,39,0,32,7,0
2011,기타 동물,동작구,12,0,5,7,0
2011,개,마포구,443,80,276,87,0
2011,고양이,마포구,525,5,352,168,0
2011,기타 동물,마포구,22,0,13,9,0
2011,개,서대문구,273,67,57,149,0
2011,고양이,서대문구,276,3,12,261,0
2011,기타 동물,서대문구,11,0,0,11,0
2011,개,서초구,167,47,18,102,0
2011,고양이,서초구,282,5,5,272,0
2011,기타 동물,서초구,6,0,2,4,0
2011,개,성동구,222,48,30,144,0
2011,고양이,성동구,162,2,3,157,0
2011,기타 동물,성동구,13,0,2,11,0
2011,개,성북구,376,68,50,258,0
2011,고양이,성북구,352,3,8,341,0
2011,기타 동물,성북구,28,1,5,22,0
2011,개,송파구,363,82,53,228,0
2011,고양이,송파구,413,1,5,407,0
2011,기타 동물,송파구,11,1,1,9,0
2011,개,양천구,577,178,212,172,15
2011,고양이,양천구,161,4,86,60,11
2011,기타 동물,양천구,17,0,9,8,0
2011,개,영등포구,267,57,85,125,0
2011,고양이,영등포구,270,1,223,46,0
2011,기타 동물,영등포구,21,0,9,12,0
2011,개,용산구,469,61,360,40,8
2011,고양이,용산구,407,1,296,100,10
2011,기타 동물,용산구,68,7,13,48,0
2011,개,은평구,412,78,40,294,0
2011,고양이,은평구,136,3,2,131,0
2011,기타 동물,은평구,16,0,0,16,0
2011,개,종로구,181,26,12,143,0
2011,고양이,종로구,196,0,9,187,0
2011,기타 동물,종로구,2,0,0,2,0
2011,개,중구,128,25,15,88,0
2011,고양이,중구,193,0,87,106,0
2011,기타 동물,중구,4,0,0,4,0
2011,개,중랑구,365,54,42,269,0
2011,고양이,중랑구,131,2,86,33,10
2011,기타 동물,중랑구,16,0,2,14,0
2012,개,강남구,248,58,56,122,12
2012,고양이,강남구,240,9,8,214,9
2012,기타 동물,강남구,17,0,6,9,2
2012,개,강동구,433,144,189,56,44
2012,고양이,강동구,141,7,49,65,20
2012,기타 동물,강동구,19,1,13,2,3
2012,개,강북구,365,56,69,225,15
2012,고양이,강북구,199,1,6,184,8
2012,기타 동물,강북구,17,1,7,9,0
2012,개,강서구,385,74,94,217,0
2012,고양이,강서구,199,5,8,186,0
2012,기타 동물,강서구,18,1,5,12,0
2012,개,관악구,505,128,282,57,38
2012,고양이,관악구,363,9,187,158,9
2012,기타 동물,관악구,26,1,8,14,3
2012,개,광진구,307,77,68,138,24
2012,고양이,광진구,225,2,93,125,5
2012,기타 동물,광진구,10,0,2,7,1
2012,개,구로구,247,48,40,146,13
2012,고양이,구로구,108,2,5,93,8
2012,기타 동물,구로구,9,0,3,6,0
2012,개,금천구,266,40,110,116,0
2012,고양이,금천구,167,1,43,123,0
2012,기타 동물,금천구,6,0,2,4,0
2012,개,노원구,265,59,46,153,7
2012,고양이,노원구,83,1,8,74,0
2012,기타 동물,노원구,8,0,1,6,1
2012,개,도봉구,258,56,53,148,1
2012,고양이,도봉구,110,5,17,88,0
2012,기타 동물,도봉구,6,0,3,3,0
2012,개,동대문구,341,56,76,205,4
2012,고양이,동대문구,452,3,75,368,6
2012,기타 동물,동대문구,25,0,9,16,0
2012,개,동작구,288,85,89,114,0
2012,고양이,동작구,31,2,13,16,0
2012,기타 동물,동작구,16,1,5,10,0
2012,개,마포구,403,103,123,47,130
2012,고양이,마포구,665,7,114,204,340
2012,기타 동물,마포구,16,0,7,5,4
2012,개,서대문구,258,47,99,98,14
2012,고양이,서대문구,189,3,43,139,4
2012,기타 동물,서대문구,8,1,2,4,1
2012,개,서초구,171,37,31,93,10
2012,고양이,서초구,190,4,5,94,87
2012,기타 동물,서초구,12,0,7,5,0
2012,개,성동구,206,33,30,127,16
2012,고양이,성동구,142,1,2,124,15
2012,기타 동물,성동구,8,0,1,6,1
2012,개,성북구,349,66,49,218,16
2012,고양이,성북구,198,3,11,182,2
2012,기타 동물,성북구,22,0,10,11,1
2012,개,송파구,300,72,67,130,31
2012,고양이,송파구,258,3,8,235,12
2012,기타 동물,송파구,4,0,0,4,0
2012,개,양천구,541,175,213,122,31
2012,고양이,양천구,145,4,52,76,13
2012,기타 동물,양천구,11,0,4,6,1
2012,개,영등포구,239,34,55,126,24
2012,고양이,영등포구,133,1,14,110,8
2012,기타 동물,영등포구,5,0,3,2,0
2012,개,용산구,461,115,323,12,11
2012,고양이,용산구,552,9,416,108,19
2012,기타 동물,용산구,51,4,34,10,3
2012,개,은평구,406,91,53,262,0
2012,고양이,은평구,111,1,6,104,0
2012,기타 동물,은평구,12,0,10,2,0
2012,개,종로구,129,17,31,77,4
2012,고양이,종로구,238,2,72,163,1
2012,기타 동물,종로구,4,1,0,3,0
2012,개,중구,97,17,9,71,0
2012,고양이,중구,102,0,44,58,0
2012,기타 동물,중구,4,0,0,4,0
2012,개,중랑구,392,74,72,230,16
2012,고양이,중랑구,109,0,70,28,11
2012,기타 동물,중랑구,12,0,6,6,0
2013,개,강남구,197,65,29,102,1
2013,고양이,강남구,104,2,9,93,0
2013,기타 동물,강남구,16,0,14,2,0
2013,개,강동구,334,91,58,180,5
2013,고양이,강동구,16,1,8,7,0
2013,기타 동물,강동구,11,0,11,0,0
2013,개,강북구,400,77,40,250,33
2013,고양이,강북구,123,1,4,113,5
2013,기타 동물,강북구,15,0,7,4,4
2013,개,강서구,371,94,47,228,2
2013,고양이,강서구,107,3,10,94,0
2013,기타 동물,강서구,15,0,11,4,0
2013,개,관악구,528,141,339,48,0
2013,고양이,관악구,414,4,240,170,0
2013,기타 동물,관악구,5,0,4,1,0
2013,개,광진구,274,93,37,140,4
2013,고양이,광진구,52,2,7,43,0
2013,기타 동물,광진구,29,2,25,2,0
2013,개,구로구,294,49,40,190,15
2013,고양이,구로구,126,3,3,115,5
2013,기타 동물,구로구,14,1,12,1,0
2013,개,금천구,279,68,68,143,0
2013,고양이,금천구,27,2,5,20,0
2013,기타 동물,금천구,19,1,6,12,0
2013,개,노원구,305,61,34,204,6
2013,고양이,노원구,58,4,3,51,0
2013,기타 동물,노원구,14,3,11,0,0
2013,개,도봉구,272,73,28,169,2
2013,고양이,도봉구,50,1,4,45,0
2013,기타 동물,도봉구,26,0,26,0,0
2013,개,동대문구,327,72,38,131,86
2013,고양이,동대문구,154,3,13,109,29
2013,기타 동물,동대문구,14,0,8,1,5
2013,개,동작구,306,94,71,141,0
2013,고양이,동작구,19,5,9,5,0
2013,기타 동물,동작구,14,0,3,11,0
2013,개,마포구,364,112,141,52,59
2013,고양이,마포구,450,4,153,222,71
2013,기타 동물,마포구,12,1,5,3,3
2013,개,서대문구,300,64,39,100,97
2013,고양이,서대문구,143,2,4,106,31
2013,기타 동물,서대문구,24,1,15,3,5
2013,개,서초구,208,62,29,113,4
2013,고양이,서초구,127,1,4,120,2
2013,기타 동물,서초구,5,0,3,1,1
2013,개,성동구,196,39,27,125,5
2013,고양이,성동구,86,3,3,80,0
2013,기타 동물,성동구,16,0,14,1,1
2013,개,성북구,356,70,39,241,6
2013,고양이,성북구,156,0,6,149,1
2013,기타 동물,성북구,16,1,13,2,0
2013,개,송파구,336,84,44,197,11
2013,고양이,송파구,188,2,15,171,0
2013,기타 동물,송파구,9,0,5,3,1
2013,개,양천구,460,169,122,166,3
2013,고양이,양천구,28,3,14,11,0
2013,기타 동물,양천구,24,0,12,12,0
2013,개,영등포구,214,43,37,134,0
2013,고양이,영등포구,173,1,6,166,0
2013,기타 동물,영등포구,13,0,8,5,0
2013,개,용산구,427,142,242,43,0
2013,고양이,용산구,544,33,324,187,0
2013,기타 동물,용산구,9,3,0,6,0
2013,개,은평구,438,111,41,280,6
2013,고양이,은평구,110,0,6,104,0
2013,기타 동물,은평구,14,0,12,2,0
2013,개,종로구,141,28,15,58,40
2013,고양이,종로구,35,0,3,22,10
2013,기타 동물,종로구,6,0,2,0,4
2013,개,중구,149,31,9,77,32
2013,고양이,중구,145,0,42,74,29
2013,기타 동물,중구,8,0,7,1,0
2013,개,중랑구,327,74,46,178,29
2013,고양이,중랑구,74,4,5,62,3
2013,기타 동물,중랑구,12,2,7,2,1
2014,개,강남구,173,60,35,78,0
2014,고양이,강남구,38,1,14,23,0
2014,기타 동물,강남구,8,0,7,1,0
2014,개,강동구,309,110,54,145,0
2014,고양이,강동구,8,1,4,3,0
2014,기타 동물,강동구,13,1,10,2,0
2014,개,강북구,307,93,53,161,0
2014,고양이,강북구,102,1,12,89,0
2014,기타 동물,강북구,14,0,13,1,0
2014,개,강서구,321,98,61,162,0
2014,고양이,강서구,68,3,9,56,0
2014,기타 동물,강서구,18,2,15,1,0
2014,개,관악구,476,161,299,16,0
2014,고양이,관악구,395,7,225,163,0
2014,기타 동물,관악구,4,0,4,0,0
2014,개,광진구,227,87,49,91,0
2014,고양이,광진구,61,3,11,47,0
2014,기타 동물,광진구,24,2,18,4,0
2014,개,구로구,225,50,46,129,0
2014,고양이,구로구,103,3,13,87,0
2014,기타 동물,구로구,12,1,9,2,0
2014,개,금천구,169,44,28,97,0
2014,고양이,금천구,7,0,1,6,0
2014,기타 동물,금천구,5,2,2,1,0
2014,개,노원구,209,48,45,116,0
2014,고양이,노원구,54,0,5,49,0
2014,기타 동물,노원구,14,0,12,2,0
2014,개,도봉구,273,96,43,134,0
2014,고양이,도봉구,62,0,9,53,0
2014,기타 동물,도봉구,9,1,7,1,0
2014,개,동대문구,287,77,58,152,0
2014,고양이,동대문구,129,0,8,121,0
2014,기타 동물,동대문구,14,0,13,1,0
2014,개,동작구,314,126,78,110,0
2014,고양이,동작구,14,3,9,2,0
2014,기타 동물,동작구,18,0,9,9,0
2014,개,마포구,347,141,149,57,0
2014,고양이,마포구,405,6,197,202,0
2014,기타 동물,마포구,19,1,15,3,0
2014,개,서대문구,237,69,41,127,0
2014,고양이,서대문구,132,4,17,111,0
2014,기타 동물,서대문구,11,0,10,1,0
2014,개,서초구,143,48,18,77,0
2014,고양이,서초구,86,4,10,72,0
2014,기타 동물,서초구,10,0,10,0,0
2014,개,성동구,168,46,33,89,0
2014,고양이,성동구,54,1,7,46,0
2014,기타 동물,성동구,9,0,8,1,0
2014,개,성북구,293,79,59,155,0
2014,고양이,성북구,97,3,13,81,0
2014,기타 동물,성북구,17,2,13,2,0
2014,개,송파구,271,90,44,137,0
2014,고양이,송파구,142,4,14,124,0
2014,기타 동물,송파구,13,1,9,3,0
2014,개,양천구,386,136,160,90,0
2014,고양이,양천구,53,3,22,28,0
2014,기타 동물,양천구,13,0,7,6,0
2014,개,영등포구,157,39,28,90,0
2014,고양이,영등포구,111,2,12,97,0
2014,기타 동물,영등포구,3,0,3,0,0
2014,개,용산구,330,141,156,33,0
2014,고양이,용산구,277,6,185,86,0
2014,기타 동물,용산구,4,0,2,2,0
2014,개,은평구,400,123,56,221,0
2014,고양이,은평구,66,3,13,50,0
2014,기타 동물,은평구,20,0,16,4,0
2014,개,종로구,150,40,28,82,0
2014,고양이,종로구,68,0,4,64,0
2014,기타 동물,종로구,5,0,5,0,0
2014,개,중구,106,27,21,58,0
2014,고양이,중구,32,1,4,27,0
2014,기타 동물,중구,6,0,5,1,0
2014,개,중랑구,366,115,61,190,0
2014,고양이,중랑구,52,1,8,43,0
2014,기타 동물,중랑구,8,0,6,2,0
2015,개,강남구,157,54,28,74,1
2015,고양이,강남구,50,5,7,38,0
2015,기타 동물,강남구,3,0,2,1,0
2015,개,강동구,278,95,54,127,2
2015,고양이,강동구,10,1,3,6,0
2015,기타 동물,강동구,5,0,4,1,0
2015,개,강북구,307,97,56,151,3
2015,고양이,강북구,79,3,8,68,0
2015,기타 동물,강북구,15,0,10,5,0
2015,개,강서구,285,99,51,130,5
2015,고양이,강서구,87,4,11,72,0
2015,기타 동물,강서구,19,1,13,5,0
2015,개,관악구,519,203,297,19,0
2015,고양이,관악구,523,11,307,205,0
2015,기타 동물,관악구,5,0,5,0,0
2015,개,광진구,240,104,47,83,6
2015,고양이,광진구,84,2,16,66,0
2015,기타 동물,광진구,23,1,21,1,0
2015,개,구로구,193,35,39,116,3
2015,고양이,구로구,37,0,5,32,0
2015,기타 동물,구로구,7,1,6,0,0
2015,개,금천구,139,44,27,67,1
2015,고양이,금천구,21,0,5,16,0
2015,기타 동물,금천구,3,0,2,1,0
2015,개,노원구,243,72,47,121,3
2015,고양이,노원구,36,0,3,33,0
2015,기타 동물,노원구,13,0,10,3,0
2015,개,도봉구,238,78,36,121,3
2015,고양이,도봉구,53,1,5,47,0
2015,기타 동물,도봉구,6,0,2,4,0
2015,개,동대문구,249,83,53,109,4
2015,고양이,동대문구,151,1,22,128,0
2015,기타 동물,동대문구,10,0,7,3,0
2015,개,동작구,258,138,40,80,0
2015,고양이,동작구,11,1,6,4,0
2015,기타 동물,동작구,19,0,7,12,0
2015,개,마포구,268,130,94,34,10
2015,고양이,마포구,300,4,153,134,9
2015,기타 동물,마포구,18,1,9,8,0
2015,개,서대문구,213,77,34,102,0
2015,고양이,서대문구,115,1,14,100,0
2015,기타 동물,서대문구,16,1,12,3,0
2015,개,서초구,129,46,33,50,0
2015,고양이,서초구,46,2,6,38,0
2015,기타 동물,서초구,6,0,5,1,0
2015,개,성동구,158,43,28,86,1
2015,고양이,성동구,57,2,19,36,0
2015,기타 동물,성동구,13,0,11,2,0
2015,개,성북구,280,84,43,150,3
2015,고양이,성북구,79,0,7,72,0
2015,기타 동물,성북구,20,1,16,3,0
2015,개,송파구,237,84,45,106,2
2015,고양이,송파구,109,3,16,89,1
2015,기타 동물,송파구,10,0,7,3,0
2015,개,양천구,344,152,107,85,0
2015,고양이,양천구,54,5,17,32,0
2015,기타 동물,양천구,21,0,15,6,0
2015,개,영등포구,159,45,34,78,2
2015,고양이,영등포구,127,1,11,115,0
2015,기타 동물,영등포구,13,0,13,0,0
2015,개,용산구,287,145,119,23,0
2015,고양이,용산구,191,4,105,82,0
2015,기타 동물,용산구,11,0,7,4,0
2015,개,은평구,348,96,69,181,2
2015,고양이,은평구,92,2,14,76,0
2015,기타 동물,은평구,16,1,12,3,0
2015,개,종로구,159,54,15,89,1
2015,고양이,종로구,88,0,9,79,0
2015,기타 동물,종로구,7,0,6,1,0
2015,개,중구,82,19,18,45,0
2015,고양이,중구,63,0,10,53,0
2015,기타 동물,중구,8,0,8,0,0
2015,개,중랑구,290,116,39,131,4
2015,고양이,중랑구,78,2,18,58,0
2015,기타 동물,중랑구,14,1,11,2,0
2016,개,강남구,166,65,47,53,1
2016,고양이,강남구,63,2,8,53,0
2016,기타 동물,강남구,11,0,10,1,0
2016,개,강동구,226,75,48,103,0
2016,고양이,강동구,57,1,29,24,3
2016,기타 동물,강동구,14,3,10,1,0
2016,개,강북구,280,91,62,127,0
2016,고양이,강북구,68,2,14,52,0
2016,기타 동물,강북구,7,0,7,0,0
2016,개,강서구,288,105,65,117,1
2016,고양이,강서구,89,6,14,69,0
2016,기타 동물,강서구,17,3,12,2,0
2016,개,관악구,550,205,318,27,0
2016,고양이,관악구,237,17,137,83,0
2016,기타 동물,관악구,27,4,21,1,1
2016,개,광진구,199,84,49,65,1
2016,고양이,광진구,89,1,7,81,0
2016,기타 동물,광진구,8,0,7,1,0
2016,개,구로구,163,51,37,74,1
2016,고양이,구로구,35,0,5,30,0
2016,기타 동물,구로구,12,3,8,1,0
2016,개,금천구,164,45,50,67,2
2016,고양이,금천구,44,1,3,40,0
2016,기타 동물,금천구,8,0,8,0,0
2016,개,노원구,251,101,60,88,2
2016,고양이,노원구,64,1,11,52,0
2016,기타 동물,노원구,15,2,10,3,0
2016,개,도봉구,212,71,59,80,2
2016,고양이,도봉구,89,1,14,74,0
2016,기타 동물,도봉구,14,0,11,3,0
2016,개,동대문구,266,75,57,132,2
2016,고양이,동대문구,90,1,17,72,0
2016,기타 동물,동대문구,7,1,6,0,0
2016,개,동작구,277,146,51,80,0
2016,고양이,동작구,31,1,17,13,0
2016,기타 동물,동작구,27,0,9,17,1
2016,개,마포구,240,118,90,20,12
2016,고양이,마포구,338,11,145,161,21
2016,기타 동물,마포구,22,0,7,10,5
2016,개,서대문구,198,69,38,91,0
2016,고양이,서대문구,117,2,16,99,0
2016,기타 동물,서대문구,16,1,12,3,0
2016,개,서초구,112,42,27,43,0
2016,고양이,서초구,55,2,7,46,0
2016,기타 동물,서초구,9,0,8,1,0
2016,개,성동구,161,67,29,65,0
2016,고양이,성동구,52,0,9,43,0
2016,기타 동물,성동구,18,0,17,1,0
2016,개,성북구,277,95,57,124,1
2016,고양이,성북구,85,1,15,69,0
2016,기타 동물,성북구,14,1,10,3,0
2016,개,송파구,241,76,48,117,0
2016,고양이,송파구,79,1,7,71,0
2016,기타 동물,송파구,16,2,11,3,0
2016,개,양천구,306,148,78,80,0
2016,고양이,양천구,109,11,31,67,0
2016,기타 동물,양천구,10,1,3,6,0
2016,개,영등포구,175,57,44,74,0
2016,고양이,영등포구,94,0,26,68,0
2016,기타 동물,영등포구,10,0,9,1,0
2016,개,용산구,252,138,98,16,0
2016,고양이,용산구,216,3,119,93,1
2016,기타 동물,용산구,14,0,3,10,1
2016,개,은평구,308,99,53,152,4
2016,고양이,은평구,124,3,12,109,0
2016,기타 동물,은평구,17,0,15,2,0
2016,개,종로구,165,47,26,92,0
2016,고양이,종로구,72,1,6,65,0
2016,기타 동물,종로구,5,0,4,1,0
2016,개,중구,85,27,21,37,0
2016,고양이,중구,65,0,5,60,0
2016,기타 동물,중구,9,1,8,0,0
2016,개,중랑구,310,106,78,124,2
2016,고양이,중랑구,71,1,12,58,0
2016,기타 동물,중랑구,13,0,11,2,0
2017,개,강남구,146,52,40,54,0
2017,고양이,강남구,93,0,18,75,0
2017,기타 동물,강남구,7,2,5,0,0
2017,개,강동구,255,84,59,111,1
2017,고양이,강동구,178,1,68,57,52
2017,기타 동물,강동구,9,0,7,2,0
2017,개,강북구,276,86,77,113,0
2017,고양이,강북구,95,0,22,73,0
2017,기타 동물,강북구,11,0,9,2,0
2017,개,강서구,275,99,64,112,0
2017,고양이,강서구,87,2,17,68,0
2017,기타 동물,강서구,12,2,9,1,0
2017,개,관악구,450,167,266,17,0
2017,고양이,관악구,227,2,158,67,0
2017,기타 동물,관악구,24,0,20,4,0
2017,개,광진구,189,86,38,63,2
2017,고양이,광진구,109,2,20,87,0
2017,기타 동물,광진구,12,1,9,2,0
2017,개,구로구,206,51,67,88,0
2017,고양이,구로구,20,0,4,16,0
2017,기타 동물,구로구,7,1,5,1,0
2017,개,금천구,138,42,36,60,0
2017,고양이,금천구,43,2,6,35,0
2017,기타 동물,금천구,3,0,3,0,0
2017,개,노원구,237,84,41,110,2
2017,고양이,노원구,86,1,9,76,0
2017,기타 동물,노원구,16,1,12,3,0
2017,개,도봉구,213,81,46,86,0
2017,고양이,도봉구,107,2,11,94,0
2017,기타 동물,도봉구,11,0,8,3,0
2017,개,동대문구,236,83,56,96,1
2017,고양이,동대문구,131,2,14,113,2
2017,기타 동물,동대문구,12,0,10,2,0
2017,개,동작구,235,117,55,63,0
2017,고양이,동작구,54,4,18,32,0
2017,기타 동물,동작구,22,9,8,5,0
2017,개,마포구,242,114,103,15,10
2017,고양이,마포구,359,8,140,126,85
2017,기타 동물,마포구,9,0,2,5,2
2017,개,서대문구,192,67,39,84,2
2017,고양이,서대문구,37,5,14,18,0
2017,기타 동물,서대문구,15,1,14,0,0
2017,개,서초구,130,49,26,55,0
2017,고양이,서초구,56,2,7,47,0
2017,기타 동물,서초구,8,1,7,0,0
2017,개,성동구,154,53,34,67,0
2017,고양이,성동구,80,5,11,64,0
2017,기타 동물,성동구,15,0,11,4,0
2017,개,성북구,260,93,51,115,1
2017,고양이,성북구,99,4,16,79,0
2017,기타 동물,성북구,19,0,18,1,0
2017,개,송파구,227,71,55,101,0
2017,고양이,송파구,74,6,11,57,0
2017,기타 동물,송파구,8,1,4,3,0
2017,개,양천구,289,124,156,9,0
2017,고양이,양천구,129,5,46,78,0
2017,기타 동물,양천구,9,1,4,4,0
2017,개,영등포구,148,50,38,60,0
2017,고양이,영등포구,83,4,43,36,0
2017,기타 동물,영등포구,11,0,8,3,0
2017,개,용산구,189,105,63,12,9
2017,고양이,용산구,182,3,73,98,8
2017,기타 동물,용산구,15,0,4,8,3
2017,개,은평구,353,89,77,185,2
2017,고양이,은평구,99,7,14,78,0
2017,기타 동물,은평구,11,1,9,1,0
2017,개,종로구,161,45,26,89,1
2017,고양이,종로구,124,4,9,111,0
2017,기타 동물,종로구,3,0,2,1,0
2017,개,중구,99,26,25,46,2
2017,고양이,중구,75,2,7,66,0
2017,기타 동물,중구,11,0,8,3,0
2017,개,중랑구,284,96,84,104,0
2017,고양이,중랑구,131,6,10,115,0
2017,기타 동물,중랑구,8,0,7,1,0
2018,개,강남구,158,58,41,57,2
2018,고양이,강남구,100,10,17,73,0
2018,기타 동물,강남구,13,1,5,7,0
2018,개,강동구,291,130,107,52,2
2018,고양이,강동구,164,0,77,75,12
2018,기타 동물,강동구,3,0,1,2,0
2018,개,강북구,280,98,59,119,4
2018,고양이,강북구,128,0,22,106,0
2018,기타 동물,강북구,12,1,7,4,0
2018,개,강서구,288,99,81,103,5
2018,고양이,강서구,127,4,17,106,0
2018,기타 동물,강서구,10,0,7,3,0
2018,개,관악구,493,207,275,11,0
2018,고양이,관악구,358,11,284,59,4
2018,기타 동물,관악구,29,2,24,3,0
2018,개,광진구,190,93,36,60,1
2018,고양이,광진구,128,1,19,108,0
2018,기타 동물,광진구,7,0,3,4,0
2018,개,구로구,173,41,53,76,3
2018,고양이,구로구,34,1,5,28,0
2018,기타 동물,구로구,8,0,6,2,0
2018,개,금천구,135,37,38,58,2
2018,고양이,금천구,45,0,11,34,0
2018,기타 동물,금천구,1,0,1,0,0
2018,개,노원구,222,63,49,109,1
2018,고양이,노원구,66,2,10,54,0
2018,기타 동물,노원구,6,0,4,2,0
2018,개,도봉구,204,76,45,82,1
2018,고양이,도봉구,65,0,15,50,0
2018,기타 동물,도봉구,7,0,5,2,0
2018,개,동대문구,237,91,57,86,3
2018,고양이,동대문구,53,4,9,40,0
2018,기타 동물,동대문구,8,3,5,0,0
2018,개,동작구,227,118,67,42,0
2018,고양이,동작구,30,4,13,13,0
2018,기타 동물,동작구,18,1,8,9,0
2018,개,마포구,222,106,89,15,12
2018,고양이,마포구,297,1,143,130,23
2018,기타 동물,마포구,9,1,3,3,2
2018,개,서대문구,179,73,23,82,1
2018,고양이,서대문구,1,0,0,1,0
2018,기타 동물,서대문구,8,0,3,5,0
2018,개,서초구,124,42,15,64,3
2018,고양이,서초구,53,1,9,43,0
2018,기타 동물,서초구,5,0,4,1,0
2018,개,성동구,155,46,31,77,1
2018,고양이,성동구,81,1,9,71,0
2018,기타 동물,성동구,9,1,6,2,0
2018,개,성북구,261,78,43,138,2
2018,고양이,성북구,82,0,28,54,0
2018,기타 동물,성북구,9,0,6,3,0
2018,개,송파구,211,57,62,90,2
2018,고양이,송파구,104,2,12,90,0
2018,기타 동물,송파구,11,0,6,5,0
2018,개,양천구,231,117,112,2,0
2018,고양이,양천구,123,11,30,82,0
2018,기타 동물,양천구,11,0,8,3,0
2018,개,영등포구,139,50,44,43,2
2018,고양이,영등포구,75,3,12,58,2
2018,기타 동물,영등포구,15,1,8,6,0
2018,개,용산구,190,79,74,17,20
2018,고양이,용산구,98,3,42,45,8
2018,기타 동물,용산구,6,0,4,2,0
2018,개,은평구,285,95,52,133,5
2018,고양이,은평구,87,1,8,78,0
2018,기타 동물,은평구,12,1,11,0,0
2018,개,종로구,122,50,23,49,0
2018,고양이,종로구,112,8,10,94,0
2018,기타 동물,종로구,6,0,4,2,0
2018,개,중구,92,29,24,38,1
2018,고양이,중구,59,0,5,54,0
2018,기타 동물,중구,12,2,6,4,0
2018,개,중랑구,259,84,72,100,3
2018,고양이,중랑구,137,3,23,111,0
2018,기타 동물,중랑구,10,0,7,3,0
2019,개,강남구,147,44,49,46,8
2019,고양이,강남구,77,5,22,49,1
2019,기타 동물,강남구,10,1,8,1,0
2019,개,강동구,223,83,77,55,8
2019,고양이,강동구,186,2,73,100,11
2019,기타 동물,강동구,7,1,5,1,0
2019,개,강북구,266,91,59,102,14
2019,고양이,강북구,78,0,17,61,0
2019,기타 동물,강북구,23,0,11,12,0
2019,개,강서구,177,66,37,63,11
2019,고양이,강서구,79,1,8,67,3
2019,기타 동물,강서구,8,1,3,4,0
2019,개,관악구,428,181,225,22,0
2019,고양이,관악구,371,17,282,72,0
2019,기타 동물,관악구,16,0,15,1,0
2019,개,광진구,141,57,34,40,10
2019,고양이,광진구,95,3,10,82,0
2019,기타 동물,광진구,14,0,8,6,0
2019,개,구로구,158,48,36,67,7
2019,고양이,구로구,130,1,6,37,86
2019,기타 동물,구로구,6,0,3,3,0
2019,개,금천구,128,39,26,56,7
2019,고양이,금천구,68,0,18,50,0
2019,기타 동물,금천구,5,1,2,2,0
2019,개,노원구,210,69,50,78,13
2019,고양이,노원구,84,4,10,70,0
2019,기타 동물,노원구,10,1,7,2,0
2019,개,도봉구,180,64,43,65,8
2019,고양이,도봉구,70,0,11,59,0
2019,기타 동물,도봉구,12,0,7,5,0
2019,개,동대문구,184,70,36,67,11
2019,고양이,동대문구,95,0,6,89,0
2019,기타 동물,동대문구,10,0,4,6,0
2019,개,동작구,185,111,39,30,5
2019,고양이,동작구,68,2,20,46,0
2019,기타 동물,동작구,17,0,4,13,0
2019,개,마포구,152,70,58,16,8
2019,고양이,마포구,371,5,206,139,21
2019,기타 동물,마포구,18,3,8,6,1
2019,개,서대문구,141,53,27,52,9
2019,고양이,서대문구,21,1,2,18,0
2019,기타 동물,서대문구,4,0,4,0,0
2019,개,서초구,110,35,32,31,12
2019,고양이,서초구,57,1,6,49,1
2019,기타 동물,서초구,7,1,1,5,0
2019,개,성동구,121,50,28,39,4
2019,고양이,성동구,70,2,6,62,0
2019,기타 동물,성동구,8,0,6,2,0
2019,개,성북구,187,65,33,80,9
2019,고양이,성북구,61,1,14,46,0
2019,기타 동물,성북구,5,0,3,2,0
2019,개,송파구,179,75,36,58,10
2019,고양이,송파구,83,5,9,68,1
2019,기타 동물,송파구,7,0,6,1,0
2019,개,양천구,208,116,88,4,0
2019,고양이,양천구,110,4,59,47,0
2019,기타 동물,양천구,8,0,6,2,0
2019,개,영등포구,142,53,31,42,16
2019,고양이,영등포구,73,3,12,58,0
2019,기타 동물,영등포구,15,0,12,2,1
2019,개,용산구,168,104,45,8,11
2019,고양이,용산구,106,9,44,40,13
2019,기타 동물,용산구,7,1,2,3,1
2019,개,은평구,252,87,41,106,18
2019,고양이,은평구,71,3,3,64,1
2019,기타 동물,은평구,14,2,5,6,1
2019,개,종로구,134,38,25,65,6
2019,고양이,종로구,102,0,9,92,1
2019,기타 동물,종로구,9,0,7,2,0
2019,개,중구,65,17,17,29,2
2019,고양이,중구,60,0,13,47,0
2019,기타 동물,중구,9,0,7,2,0
2019,개,중랑구,247,108,50,79,10
2019,고양이,중랑구,140,2,17,121,0
2019,기타 동물,중랑구,7,2,3,2,0
